"","year","state","measurement.s.","chemical","chemical.type","value","toxin","level"
"6",2019,"CALIFORNIA","MEASURED IN LB","BOSCALID","FUNGICIDE",8.73230457103318,"Carcinogen","possible"
"11",2019,"CALIFORNIA","MEASURED IN LB","CAPTAN","FUNGICIDE",12.5549674021499,"Carcinogen","known"
"30",2019,"CALIFORNIA","MEASURED IN LB","FLUDIOXONIL","FUNGICIDE",9.31470038730042,"Bee.Toxins","slight"
"32",2019,"CALIFORNIA","MEASURED IN LB","MYCLOBUTANIL","FUNGICIDE",8.63052187672324,"Hormone.Disruptor","suspected"
"34",2019,"CALIFORNIA","MEASURED IN LB","MYCLOBUTANIL","FUNGICIDE",8.63052187672324,"Developmental.or.Reproductive.Toxins","present"
"36",2019,"CALIFORNIA","MEASURED IN LB","PROPICONAZOLE","FUNGICIDE",7.37775890822787,"Carcinogen","possible"
"37",2019,"CALIFORNIA","MEASURED IN LB","PROPICONAZOLE","FUNGICIDE",7.37775890822787,"Hormone.Disruptor","suspected"
"39",2019,"CALIFORNIA","MEASURED IN LB","PROPICONAZOLE","FUNGICIDE",7.37775890822787,"Developmental.or.Reproductive.Toxins","present"
"40",2019,"CALIFORNIA","MEASURED IN LB","PROPICONAZOLE","FUNGICIDE",7.37775890822787,"Bee.Toxins","slight"
"45",2019,"CALIFORNIA","MEASURED IN LB","PYRACLOSTROBIN","FUNGICIDE",8.90923527919226,"Bee.Toxins","slight"
"46",2019,"CALIFORNIA","MEASURED IN LB","PYRIMETHANIL","FUNGICIDE",9.13776967914135,"Carcinogen","possible"
"47",2019,"CALIFORNIA","MEASURED IN LB","PYRIMETHANIL","FUNGICIDE",9.13776967914135,"Hormone.Disruptor","suspected"
"50",2019,"CALIFORNIA","MEASURED IN LB","PYRIMETHANIL","FUNGICIDE",9.13776967914135,"Bee.Toxins","slight"
"60",2019,"CALIFORNIA","MEASURED IN LB","TRIFLUMIZOLE","FUNGICIDE",8.88183630500415,"Bee.Toxins","slight"
"65",2019,"CALIFORNIA","MEASURED IN LB","ACETAMIPRID","INSECTICIDE",7.9373746961633,"Bee.Toxins","moderate"
"70",2019,"CALIFORNIA","MEASURED IN LB","BIFENAZATE","INSECTICIDE",9.79255599182885,"Bee.Toxins","moderate"
"71",2019,"CALIFORNIA","MEASURED IN LB","BIFENTHRIN","INSECTICIDE",8.89562962713648,"Carcinogen","possible"
"72",2019,"CALIFORNIA","MEASURED IN LB","BIFENTHRIN","INSECTICIDE",8.89562962713648,"Hormone.Disruptor","suspected"
"74",2019,"CALIFORNIA","MEASURED IN LB","BIFENTHRIN","INSECTICIDE",8.89562962713648,"Developmental.or.Reproductive.Toxins","present"
"75",2019,"CALIFORNIA","MEASURED IN LB","BIFENTHRIN","INSECTICIDE",8.89562962713648,"Bee.Toxins","high"
"81",2019,"CALIFORNIA","MEASURED IN LB","HEXYTHIAZOX","INSECTICIDE",7.74066440191724,"Carcinogen","probable"
"90",2019,"CALIFORNIA","MEASURED IN LB","IMIDACLOPRID","INSECTICIDE",8.1605182474775,"Bee.Toxins","high"
"91",2019,"CALIFORNIA","MEASURED IN LB","MALATHION","INSECTICIDE",10.9455294897158,"Carcinogen","possible"
"92",2019,"CALIFORNIA","MEASURED IN LB","MALATHION","INSECTICIDE",10.9455294897158,"Hormone.Disruptor","suspected"
"93",2019,"CALIFORNIA","MEASURED IN LB","MALATHION","INSECTICIDE",10.9455294897158,"Neurotoxins","present"
"95",2019,"CALIFORNIA","MEASURED IN LB","MALATHION","INSECTICIDE",10.9455294897158,"Bee.Toxins","high"
"100",2019,"CALIFORNIA","MEASURED IN LB","METHOXYFENOZIDE","INSECTICIDE",8.10167774745457,"Bee.Toxins","slight"
"101",2019,"CALIFORNIA","MEASURED IN LB","PIPERONYL BUTOXIDE","INSECTICIDE",7.09007683577609,"Carcinogen","possible"
"102",2019,"CALIFORNIA","MEASURED IN LB","PIPERONYL BUTOXIDE","INSECTICIDE",7.09007683577609,"Hormone.Disruptor","suspected"
"105",2019,"CALIFORNIA","MEASURED IN LB","PIPERONYL BUTOXIDE","INSECTICIDE",7.09007683577609,"Bee.Toxins","moderate"
"110",2019,"CALIFORNIA","MEASURED IN LB","PYRIPROXYFEN","INSECTICIDE",4.60517018598809,"Bee.Toxins","slight"
"120",2019,"CALIFORNIA","MEASURED IN LB","THIAMETHOXAM","INSECTICIDE",7.24422751560335,"Bee.Toxins","high"
"126",2019,"CALIFORNIA","MEASURED IN LB / ACRE / APPLICATION","BOSCALID","FUNGICIDE",-1.08767234862978,"Carcinogen","possible"
"131",2019,"CALIFORNIA","MEASURED IN LB / ACRE / APPLICATION","CAPTAN","FUNGICIDE",0.553310235372146,"Carcinogen","known"
"150",2019,"CALIFORNIA","MEASURED IN LB / ACRE / APPLICATION","FLUDIOXONIL","FUNGICIDE",-1.54646311327271,"Bee.Toxins","slight"
"152",2019,"CALIFORNIA","MEASURED IN LB / ACRE / APPLICATION","MYCLOBUTANIL","FUNGICIDE",-2.24431618487007,"Hormone.Disruptor","suspected"
"154",2019,"CALIFORNIA","MEASURED IN LB / ACRE / APPLICATION","MYCLOBUTANIL","FUNGICIDE",-2.24431618487007,"Developmental.or.Reproductive.Toxins","present"
"156",2019,"CALIFORNIA","MEASURED IN LB / ACRE / APPLICATION","PROPICONAZOLE","FUNGICIDE",-2.18925640768704,"Carcinogen","possible"
"157",2019,"CALIFORNIA","MEASURED IN LB / ACRE / APPLICATION","PROPICONAZOLE","FUNGICIDE",-2.18925640768704,"Hormone.Disruptor","suspected"
"159",2019,"CALIFORNIA","MEASURED IN LB / ACRE / APPLICATION","PROPICONAZOLE","FUNGICIDE",-2.18925640768704,"Developmental.or.Reproductive.Toxins","present"
"160",2019,"CALIFORNIA","MEASURED IN LB / ACRE / APPLICATION","PROPICONAZOLE","FUNGICIDE",-2.18925640768704,"Bee.Toxins","slight"
"165",2019,"CALIFORNIA","MEASURED IN LB / ACRE / APPLICATION","PYRACLOSTROBIN","FUNGICIDE",-1.77785656405906,"Bee.Toxins","slight"
"166",2019,"CALIFORNIA","MEASURED IN LB / ACRE / APPLICATION","PYRIMETHANIL","FUNGICIDE",-0.673344553263766,"Carcinogen","possible"
"167",2019,"CALIFORNIA","MEASURED IN LB / ACRE / APPLICATION","PYRIMETHANIL","FUNGICIDE",-0.673344553263766,"Hormone.Disruptor","suspected"
"170",2019,"CALIFORNIA","MEASURED IN LB / ACRE / APPLICATION","PYRIMETHANIL","FUNGICIDE",-0.673344553263766,"Bee.Toxins","slight"
"180",2019,"CALIFORNIA","MEASURED IN LB / ACRE / APPLICATION","TRIFLUMIZOLE","FUNGICIDE",-1.46967597005894,"Bee.Toxins","slight"
"185",2019,"CALIFORNIA","MEASURED IN LB / ACRE / APPLICATION","ACETAMIPRID","INSECTICIDE",-2.07147337203066,"Bee.Toxins","moderate"
"190",2019,"CALIFORNIA","MEASURED IN LB / ACRE / APPLICATION","BIFENAZATE","INSECTICIDE",-0.70117935225721,"Bee.Toxins","moderate"
"191",2019,"CALIFORNIA","MEASURED IN LB / ACRE / APPLICATION","BIFENTHRIN","INSECTICIDE",-2.21640739675299,"Carcinogen","possible"
"192",2019,"CALIFORNIA","MEASURED IN LB / ACRE / APPLICATION","BIFENTHRIN","INSECTICIDE",-2.21640739675299,"Hormone.Disruptor","suspected"
"194",2019,"CALIFORNIA","MEASURED IN LB / ACRE / APPLICATION","BIFENTHRIN","INSECTICIDE",-2.21640739675299,"Developmental.or.Reproductive.Toxins","present"
"195",2019,"CALIFORNIA","MEASURED IN LB / ACRE / APPLICATION","BIFENTHRIN","INSECTICIDE",-2.21640739675299,"Bee.Toxins","high"
"201",2019,"CALIFORNIA","MEASURED IN LB / ACRE / APPLICATION","HEXYTHIAZOX","INSECTICIDE",-1.73160554640831,"Carcinogen","probable"
"210",2019,"CALIFORNIA","MEASURED IN LB / ACRE / APPLICATION","IMIDACLOPRID","INSECTICIDE",-0.663588378318401,"Bee.Toxins","high"
"211",2019,"CALIFORNIA","MEASURED IN LB / ACRE / APPLICATION","MALATHION","INSECTICIDE",0.688637025082059,"Carcinogen","possible"
"212",2019,"CALIFORNIA","MEASURED IN LB / ACRE / APPLICATION","MALATHION","INSECTICIDE",0.688637025082059,"Hormone.Disruptor","suspected"
"213",2019,"CALIFORNIA","MEASURED IN LB / ACRE / APPLICATION","MALATHION","INSECTICIDE",0.688637025082059,"Neurotoxins","present"
"215",2019,"CALIFORNIA","MEASURED IN LB / ACRE / APPLICATION","MALATHION","INSECTICIDE",0.688637025082059,"Bee.Toxins","high"
"220",2019,"CALIFORNIA","MEASURED IN LB / ACRE / APPLICATION","METHOXYFENOZIDE","INSECTICIDE",-1.74869997976761,"Bee.Toxins","slight"
"221",2019,"CALIFORNIA","MEASURED IN LB / ACRE / APPLICATION","PIPERONYL BUTOXIDE","INSECTICIDE",-0.738144546490681,"Carcinogen","possible"
"222",2019,"CALIFORNIA","MEASURED IN LB / ACRE / APPLICATION","PIPERONYL BUTOXIDE","INSECTICIDE",-0.738144546490681,"Hormone.Disruptor","suspected"
"225",2019,"CALIFORNIA","MEASURED IN LB / ACRE / APPLICATION","PIPERONYL BUTOXIDE","INSECTICIDE",-0.738144546490681,"Bee.Toxins","moderate"
"230",2019,"CALIFORNIA","MEASURED IN LB / ACRE / APPLICATION","PYRIPROXYFEN","INSECTICIDE",-2.70306265959117,"Bee.Toxins","slight"
"240",2019,"CALIFORNIA","MEASURED IN LB / ACRE / APPLICATION","THIAMETHOXAM","INSECTICIDE",-2.78062089393705,"Bee.Toxins","high"
"246",2019,"CALIFORNIA","MEASURED IN LB / ACRE / YEAR","BOSCALID","FUNGICIDE",-0.677273831403655,"Carcinogen","possible"
"251",2019,"CALIFORNIA","MEASURED IN LB / ACRE / YEAR","CAPTAN","FUNGICIDE",2.34717597632192,"Carcinogen","known"
"270",2019,"CALIFORNIA","MEASURED IN LB / ACRE / YEAR","FLUDIOXONIL","FUNGICIDE",-0.673344553263766,"Bee.Toxins","slight"
"272",2019,"CALIFORNIA","MEASURED IN LB / ACRE / YEAR","MYCLOBUTANIL","FUNGICIDE",-1.26940060964839,"Hormone.Disruptor","suspected"
"274",2019,"CALIFORNIA","MEASURED IN LB / ACRE / YEAR","MYCLOBUTANIL","FUNGICIDE",-1.26940060964839,"Developmental.or.Reproductive.Toxins","present"
"276",2019,"CALIFORNIA","MEASURED IN LB / ACRE / YEAR","PROPICONAZOLE","FUNGICIDE",-1.74869997976761,"Carcinogen","possible"
"277",2019,"CALIFORNIA","MEASURED IN LB / ACRE / YEAR","PROPICONAZOLE","FUNGICIDE",-1.74869997976761,"Hormone.Disruptor","suspected"
"279",2019,"CALIFORNIA","MEASURED IN LB / ACRE / YEAR","PROPICONAZOLE","FUNGICIDE",-1.74869997976761,"Developmental.or.Reproductive.Toxins","present"
"280",2019,"CALIFORNIA","MEASURED IN LB / ACRE / YEAR","PROPICONAZOLE","FUNGICIDE",-1.74869997976761,"Bee.Toxins","slight"
"285",2019,"CALIFORNIA","MEASURED IN LB / ACRE / YEAR","PYRACLOSTROBIN","FUNGICIDE",-1.14885350510486,"Bee.Toxins","slight"
"286",2019,"CALIFORNIA","MEASURED IN LB / ACRE / YEAR","PYRIMETHANIL","FUNGICIDE",-0.124430078378177,"Carcinogen","possible"
"287",2019,"CALIFORNIA","MEASURED IN LB / ACRE / YEAR","PYRIMETHANIL","FUNGICIDE",-0.124430078378177,"Hormone.Disruptor","suspected"
"290",2019,"CALIFORNIA","MEASURED IN LB / ACRE / YEAR","PYRIMETHANIL","FUNGICIDE",-0.124430078378177,"Bee.Toxins","slight"
"300",2019,"CALIFORNIA","MEASURED IN LB / ACRE / YEAR","TRIFLUMIZOLE","FUNGICIDE",-0.59783700075562,"Bee.Toxins","slight"
"305",2019,"CALIFORNIA","MEASURED IN LB / ACRE / YEAR","ACETAMIPRID","INSECTICIDE",-1.70374859190534,"Bee.Toxins","moderate"
"310",2019,"CALIFORNIA","MEASURED IN LB / ACRE / YEAR","BIFENAZATE","INSECTICIDE",-0.0222456089473197,"Bee.Toxins","moderate"
"311",2019,"CALIFORNIA","MEASURED IN LB / ACRE / YEAR","BIFENTHRIN","INSECTICIDE",-1.06131650392441,"Carcinogen","possible"
"312",2019,"CALIFORNIA","MEASURED IN LB / ACRE / YEAR","BIFENTHRIN","INSECTICIDE",-1.06131650392441,"Hormone.Disruptor","suspected"
"314",2019,"CALIFORNIA","MEASURED IN LB / ACRE / YEAR","BIFENTHRIN","INSECTICIDE",-1.06131650392441,"Developmental.or.Reproductive.Toxins","present"
"315",2019,"CALIFORNIA","MEASURED IN LB / ACRE / YEAR","BIFENTHRIN","INSECTICIDE",-1.06131650392441,"Bee.Toxins","high"
"321",2019,"CALIFORNIA","MEASURED IN LB / ACRE / YEAR","HEXYTHIAZOX","INSECTICIDE",-1.3130438993803,"Carcinogen","probable"
"330",2019,"CALIFORNIA","MEASURED IN LB / ACRE / YEAR","IMIDACLOPRID","INSECTICIDE",-0.231932057347289,"Bee.Toxins","high"
"331",2019,"CALIFORNIA","MEASURED IN LB / ACRE / YEAR","MALATHION","INSECTICIDE",1.71757457103868,"Carcinogen","possible"
"332",2019,"CALIFORNIA","MEASURED IN LB / ACRE / YEAR","MALATHION","INSECTICIDE",1.71757457103868,"Hormone.Disruptor","suspected"
"333",2019,"CALIFORNIA","MEASURED IN LB / ACRE / YEAR","MALATHION","INSECTICIDE",1.71757457103868,"Neurotoxins","present"
"335",2019,"CALIFORNIA","MEASURED IN LB / ACRE / YEAR","MALATHION","INSECTICIDE",1.71757457103868,"Bee.Toxins","high"
"340",2019,"CALIFORNIA","MEASURED IN LB / ACRE / YEAR","METHOXYFENOZIDE","INSECTICIDE",-1.40649706843741,"Bee.Toxins","slight"
"341",2019,"CALIFORNIA","MEASURED IN LB / ACRE / YEAR","PIPERONYL BUTOXIDE","INSECTICIDE",-0.123298216344494,"Carcinogen","possible"
"342",2019,"CALIFORNIA","MEASURED IN LB / ACRE / YEAR","PIPERONYL BUTOXIDE","INSECTICIDE",-0.123298216344494,"Hormone.Disruptor","suspected"
"345",2019,"CALIFORNIA","MEASURED IN LB / ACRE / YEAR","PIPERONYL BUTOXIDE","INSECTICIDE",-0.123298216344494,"Bee.Toxins","moderate"
"350",2019,"CALIFORNIA","MEASURED IN LB / ACRE / YEAR","PYRIPROXYFEN","INSECTICIDE",-2.60369018577797,"Bee.Toxins","slight"
"360",2019,"CALIFORNIA","MEASURED IN LB / ACRE / YEAR","THIAMETHOXAM","INSECTICIDE",-1.80788885115794,"Bee.Toxins","high"
"366",2019,"CALIFORNIA","MEASURED IN NUMBER","BOSCALID","FUNGICIDE",0.405465108108164,"Carcinogen","possible"
"385",2019,"CALIFORNIA","MEASURED IN NUMBER","FLUDIOXONIL","FUNGICIDE",0.8754687373539,"Bee.Toxins","slight"
"387",2019,"CALIFORNIA","MEASURED IN NUMBER","MYCLOBUTANIL","FUNGICIDE",0.955511445027436,"Hormone.Disruptor","suspected"
"389",2019,"CALIFORNIA","MEASURED IN NUMBER","MYCLOBUTANIL","FUNGICIDE",0.955511445027436,"Developmental.or.Reproductive.Toxins","present"
"391",2019,"CALIFORNIA","MEASURED IN NUMBER","PROPICONAZOLE","FUNGICIDE",0.470003629245736,"Carcinogen","possible"
"392",2019,"CALIFORNIA","MEASURED IN NUMBER","PROPICONAZOLE","FUNGICIDE",0.470003629245736,"Hormone.Disruptor","suspected"
"394",2019,"CALIFORNIA","MEASURED IN NUMBER","PROPICONAZOLE","FUNGICIDE",0.470003629245736,"Developmental.or.Reproductive.Toxins","present"
"395",2019,"CALIFORNIA","MEASURED IN NUMBER","PROPICONAZOLE","FUNGICIDE",0.470003629245736,"Bee.Toxins","slight"
"400",2019,"CALIFORNIA","MEASURED IN NUMBER","PYRACLOSTROBIN","FUNGICIDE",0.641853886172395,"Bee.Toxins","slight"
"401",2019,"CALIFORNIA","MEASURED IN NUMBER","PYRIMETHANIL","FUNGICIDE",0.53062825106217,"Carcinogen","possible"
"402",2019,"CALIFORNIA","MEASURED IN NUMBER","PYRIMETHANIL","FUNGICIDE",0.53062825106217,"Hormone.Disruptor","suspected"
"405",2019,"CALIFORNIA","MEASURED IN NUMBER","PYRIMETHANIL","FUNGICIDE",0.53062825106217,"Bee.Toxins","slight"
"415",2019,"CALIFORNIA","MEASURED IN NUMBER","TRIFLUMIZOLE","FUNGICIDE",0.8754687373539,"Bee.Toxins","slight"
"420",2019,"CALIFORNIA","MEASURED IN NUMBER","ACETAMIPRID","INSECTICIDE",0.336472236621213,"Bee.Toxins","moderate"
"421",2019,"CALIFORNIA","MEASURED IN NUMBER","BIFENTHRIN","INSECTICIDE",1.16315080980568,"Carcinogen","possible"
"422",2019,"CALIFORNIA","MEASURED IN NUMBER","BIFENTHRIN","INSECTICIDE",1.16315080980568,"Hormone.Disruptor","suspected"
"424",2019,"CALIFORNIA","MEASURED IN NUMBER","BIFENTHRIN","INSECTICIDE",1.16315080980568,"Developmental.or.Reproductive.Toxins","present"
"425",2019,"CALIFORNIA","MEASURED IN NUMBER","BIFENTHRIN","INSECTICIDE",1.16315080980568,"Bee.Toxins","high"
"431",2019,"CALIFORNIA","MEASURED IN NUMBER","HEXYTHIAZOX","INSECTICIDE",0.405465108108164,"Carcinogen","probable"
"440",2019,"CALIFORNIA","MEASURED IN NUMBER","IMIDACLOPRID","INSECTICIDE",0.405465108108164,"Bee.Toxins","high"
"441",2019,"CALIFORNIA","MEASURED IN NUMBER","MALATHION","INSECTICIDE",1.02961941718116,"Carcinogen","possible"
"442",2019,"CALIFORNIA","MEASURED IN NUMBER","MALATHION","INSECTICIDE",1.02961941718116,"Hormone.Disruptor","suspected"
"443",2019,"CALIFORNIA","MEASURED IN NUMBER","MALATHION","INSECTICIDE",1.02961941718116,"Neurotoxins","present"
"445",2019,"CALIFORNIA","MEASURED IN NUMBER","MALATHION","INSECTICIDE",1.02961941718116,"Bee.Toxins","high"
"450",2019,"CALIFORNIA","MEASURED IN NUMBER","METHOXYFENOZIDE","INSECTICIDE",0.336472236621213,"Bee.Toxins","slight"
"451",2019,"CALIFORNIA","MEASURED IN NUMBER","PIPERONYL BUTOXIDE","INSECTICIDE",0.587786664902119,"Carcinogen","possible"
"452",2019,"CALIFORNIA","MEASURED IN NUMBER","PIPERONYL BUTOXIDE","INSECTICIDE",0.587786664902119,"Hormone.Disruptor","suspected"
"455",2019,"CALIFORNIA","MEASURED IN NUMBER","PIPERONYL BUTOXIDE","INSECTICIDE",0.587786664902119,"Bee.Toxins","moderate"
"460",2019,"CALIFORNIA","MEASURED IN NUMBER","PYRIPROXYFEN","INSECTICIDE",0.0953101798043249,"Bee.Toxins","slight"
"470",2019,"CALIFORNIA","MEASURED IN NUMBER","THIAMETHOXAM","INSECTICIDE",0.993251773010283,"Bee.Toxins","high"
"476",2019,"CALIFORNIA","MEASURED IN PCT OF AREA BEARING","BOSCALID","FUNGICIDE",3.52636052461616,"Carcinogen","possible"
"481",2019,"CALIFORNIA","MEASURED IN PCT OF AREA BEARING","CAPTAN","FUNGICIDE",4.33073334028633,"Carcinogen","known"
"500",2019,"CALIFORNIA","MEASURED IN PCT OF AREA BEARING","FLUDIOXONIL","FUNGICIDE",4.11087386417331,"Bee.Toxins","slight"
"502",2019,"CALIFORNIA","MEASURED IN PCT OF AREA BEARING","MYCLOBUTANIL","FUNGICIDE",4.02535169073515,"Hormone.Disruptor","suspected"
"504",2019,"CALIFORNIA","MEASURED IN PCT OF AREA BEARING","MYCLOBUTANIL","FUNGICIDE",4.02535169073515,"Developmental.or.Reproductive.Toxins","present"
"506",2019,"CALIFORNIA","MEASURED IN PCT OF AREA BEARING","PROPICONAZOLE","FUNGICIDE",3.2188758248682,"Carcinogen","possible"
"507",2019,"CALIFORNIA","MEASURED IN PCT OF AREA BEARING","PROPICONAZOLE","FUNGICIDE",3.2188758248682,"Hormone.Disruptor","suspected"
"509",2019,"CALIFORNIA","MEASURED IN PCT OF AREA BEARING","PROPICONAZOLE","FUNGICIDE",3.2188758248682,"Developmental.or.Reproductive.Toxins","present"
"510",2019,"CALIFORNIA","MEASURED IN PCT OF AREA BEARING","PROPICONAZOLE","FUNGICIDE",3.2188758248682,"Bee.Toxins","slight"
"515",2019,"CALIFORNIA","MEASURED IN PCT OF AREA BEARING","PYRACLOSTROBIN","FUNGICIDE",4.17438726989564,"Bee.Toxins","slight"
"516",2019,"CALIFORNIA","MEASURED IN PCT OF AREA BEARING","PYRIMETHANIL","FUNGICIDE",3.36729582998647,"Carcinogen","possible"
"517",2019,"CALIFORNIA","MEASURED IN PCT OF AREA BEARING","PYRIMETHANIL","FUNGICIDE",3.36729582998647,"Hormone.Disruptor","suspected"
"520",2019,"CALIFORNIA","MEASURED IN PCT OF AREA BEARING","PYRIMETHANIL","FUNGICIDE",3.36729582998647,"Bee.Toxins","slight"
"530",2019,"CALIFORNIA","MEASURED IN PCT OF AREA BEARING","TRIFLUMIZOLE","FUNGICIDE",3.61091791264422,"Bee.Toxins","slight"
"535",2019,"CALIFORNIA","MEASURED IN PCT OF AREA BEARING","ACETAMIPRID","INSECTICIDE",3.73766961828337,"Bee.Toxins","moderate"
"540",2019,"CALIFORNIA","MEASURED IN PCT OF AREA BEARING","BIFENAZATE","INSECTICIDE",3.93182563272433,"Bee.Toxins","moderate"
"541",2019,"CALIFORNIA","MEASURED IN PCT OF AREA BEARING","BIFENTHRIN","INSECTICIDE",4.06044301054642,"Carcinogen","possible"
"542",2019,"CALIFORNIA","MEASURED IN PCT OF AREA BEARING","BIFENTHRIN","INSECTICIDE",4.06044301054642,"Hormone.Disruptor","suspected"
"544",2019,"CALIFORNIA","MEASURED IN PCT OF AREA BEARING","BIFENTHRIN","INSECTICIDE",4.06044301054642,"Developmental.or.Reproductive.Toxins","present"
"545",2019,"CALIFORNIA","MEASURED IN PCT OF AREA BEARING","BIFENTHRIN","INSECTICIDE",4.06044301054642,"Bee.Toxins","high"
"551",2019,"CALIFORNIA","MEASURED IN PCT OF AREA BEARING","HEXYTHIAZOX","INSECTICIDE",3.17805383034795,"Carcinogen","probable"
"560",2019,"CALIFORNIA","MEASURED IN PCT OF AREA BEARING","IMIDACLOPRID","INSECTICIDE",2.484906649788,"Bee.Toxins","high"
"561",2019,"CALIFORNIA","MEASURED IN PCT OF AREA BEARING","MALATHION","INSECTICIDE",3.3322045101752,"Carcinogen","possible"
"562",2019,"CALIFORNIA","MEASURED IN PCT OF AREA BEARING","MALATHION","INSECTICIDE",3.3322045101752,"Hormone.Disruptor","suspected"
"563",2019,"CALIFORNIA","MEASURED IN PCT OF AREA BEARING","MALATHION","INSECTICIDE",3.3322045101752,"Neurotoxins","present"
"565",2019,"CALIFORNIA","MEASURED IN PCT OF AREA BEARING","MALATHION","INSECTICIDE",3.3322045101752,"Bee.Toxins","high"
"570",2019,"CALIFORNIA","MEASURED IN PCT OF AREA BEARING","METHOXYFENOZIDE","INSECTICIDE",3.61091791264422,"Bee.Toxins","slight"
"580",2019,"CALIFORNIA","MEASURED IN PCT OF AREA BEARING","THIAMETHOXAM","INSECTICIDE",3.17805383034795,"Bee.Toxins","high"
"586",2019,"FLORIDA","MEASURED IN LB","CAPTAN","FUNGICIDE",11.8920465977388,"Carcinogen","known"
"600",2019,"FLORIDA","MEASURED IN LB","FLUDIOXONIL","FUNGICIDE",7.90100705199242,"Bee.Toxins","slight"
"605",2019,"FLORIDA","MEASURED IN LB","ACETAMIPRID","INSECTICIDE",5.29831736654804,"Bee.Toxins","moderate"
"610",2019,"FLORIDA","MEASURED IN LB","BIFENAZATE","INSECTICIDE",6.5510803350434,"Bee.Toxins","moderate"
"611",2019,"FLORIDA","MEASURED IN LB","BIFENTHRIN","INSECTICIDE",5.7037824746562,"Carcinogen","possible"
"612",2019,"FLORIDA","MEASURED IN LB","BIFENTHRIN","INSECTICIDE",5.7037824746562,"Hormone.Disruptor","suspected"
"614",2019,"FLORIDA","MEASURED IN LB","BIFENTHRIN","INSECTICIDE",5.7037824746562,"Developmental.or.Reproductive.Toxins","present"
"615",2019,"FLORIDA","MEASURED IN LB","BIFENTHRIN","INSECTICIDE",5.7037824746562,"Bee.Toxins","high"
"620",2019,"FLORIDA","MEASURED IN LB","THIAMETHOXAM","INSECTICIDE",4.60517018598809,"Bee.Toxins","high"
"626",2019,"FLORIDA","MEASURED IN LB / ACRE / APPLICATION","CAPTAN","FUNGICIDE",0.740984509974105,"Carcinogen","known"
"640",2019,"FLORIDA","MEASURED IN LB / ACRE / APPLICATION","FLUDIOXONIL","FUNGICIDE",-1.57987911019256,"Bee.Toxins","slight"
"645",2019,"FLORIDA","MEASURED IN LB / ACRE / APPLICATION","ACETAMIPRID","INSECTICIDE",-2.31263542884755,"Bee.Toxins","moderate"
"650",2019,"FLORIDA","MEASURED IN LB / ACRE / APPLICATION","BIFENAZATE","INSECTICIDE",-1.95899538860397,"Bee.Toxins","moderate"
"651",2019,"FLORIDA","MEASURED IN LB / ACRE / APPLICATION","BIFENTHRIN","INSECTICIDE",-2.99573227355399,"Carcinogen","possible"
"652",2019,"FLORIDA","MEASURED IN LB / ACRE / APPLICATION","BIFENTHRIN","INSECTICIDE",-2.99573227355399,"Hormone.Disruptor","suspected"
"654",2019,"FLORIDA","MEASURED IN LB / ACRE / APPLICATION","BIFENTHRIN","INSECTICIDE",-2.99573227355399,"Developmental.or.Reproductive.Toxins","present"
"655",2019,"FLORIDA","MEASURED IN LB / ACRE / APPLICATION","BIFENTHRIN","INSECTICIDE",-2.99573227355399,"Bee.Toxins","high"
"660",2019,"FLORIDA","MEASURED IN LB / ACRE / APPLICATION","THIAMETHOXAM","INSECTICIDE",-2.91877123241786,"Bee.Toxins","high"
"666",2019,"FLORIDA","MEASURED IN LB / ACRE / YEAR","CAPTAN","FUNGICIDE",2.82470667650189,"Carcinogen","known"
"680",2019,"FLORIDA","MEASURED IN LB / ACRE / YEAR","FLUDIOXONIL","FUNGICIDE",-0.84863208340034,"Bee.Toxins","slight"
"685",2019,"FLORIDA","MEASURED IN LB / ACRE / YEAR","ACETAMIPRID","INSECTICIDE",-2.06356819252355,"Bee.Toxins","moderate"
"690",2019,"FLORIDA","MEASURED IN LB / ACRE / YEAR","BIFENAZATE","INSECTICIDE",-0.410980288796275,"Bee.Toxins","moderate"
"691",2019,"FLORIDA","MEASURED IN LB / ACRE / YEAR","BIFENTHRIN","INSECTICIDE",-2.56394985712845,"Carcinogen","possible"
"692",2019,"FLORIDA","MEASURED IN LB / ACRE / YEAR","BIFENTHRIN","INSECTICIDE",-2.56394985712845,"Hormone.Disruptor","suspected"
"694",2019,"FLORIDA","MEASURED IN LB / ACRE / YEAR","BIFENTHRIN","INSECTICIDE",-2.56394985712845,"Developmental.or.Reproductive.Toxins","present"
"695",2019,"FLORIDA","MEASURED IN LB / ACRE / YEAR","BIFENTHRIN","INSECTICIDE",-2.56394985712845,"Bee.Toxins","high"
"700",2019,"FLORIDA","MEASURED IN LB / ACRE / YEAR","THIAMETHOXAM","INSECTICIDE",-2.3538783873816,"Bee.Toxins","high"
"715",2019,"FLORIDA","MEASURED IN NUMBER","FLUDIOXONIL","FUNGICIDE",0.741937344729377,"Bee.Toxins","slight"
"720",2019,"FLORIDA","MEASURED IN NUMBER","ACETAMIPRID","INSECTICIDE",0.262364264467491,"Bee.Toxins","moderate"
"725",2019,"FLORIDA","MEASURED IN NUMBER","BIFENAZATE","INSECTICIDE",1.54756250871601,"Bee.Toxins","moderate"
"726",2019,"FLORIDA","MEASURED IN NUMBER","BIFENTHRIN","INSECTICIDE",0.405465108108164,"Carcinogen","possible"
"727",2019,"FLORIDA","MEASURED IN NUMBER","BIFENTHRIN","INSECTICIDE",0.405465108108164,"Hormone.Disruptor","suspected"
"729",2019,"FLORIDA","MEASURED IN NUMBER","BIFENTHRIN","INSECTICIDE",0.405465108108164,"Developmental.or.Reproductive.Toxins","present"
"730",2019,"FLORIDA","MEASURED IN NUMBER","BIFENTHRIN","INSECTICIDE",0.405465108108164,"Bee.Toxins","high"
"735",2019,"FLORIDA","MEASURED IN NUMBER","THIAMETHOXAM","INSECTICIDE",0.587786664902119,"Bee.Toxins","high"
"741",2019,"FLORIDA","MEASURED IN PCT OF AREA BEARING","CAPTAN","FUNGICIDE",4.47733681447821,"Carcinogen","known"
"755",2019,"FLORIDA","MEASURED IN PCT OF AREA BEARING","FLUDIOXONIL","FUNGICIDE",4.15888308335967,"Bee.Toxins","slight"
"760",2019,"FLORIDA","MEASURED IN PCT OF AREA BEARING","ACETAMIPRID","INSECTICIDE",2.56494935746154,"Bee.Toxins","moderate"
"765",2019,"FLORIDA","MEASURED IN PCT OF AREA BEARING","BIFENAZATE","INSECTICIDE",2.39789527279837,"Bee.Toxins","moderate"
"766",2019,"FLORIDA","MEASURED IN PCT OF AREA BEARING","BIFENTHRIN","INSECTICIDE",3.55534806148941,"Carcinogen","possible"
"767",2019,"FLORIDA","MEASURED IN PCT OF AREA BEARING","BIFENTHRIN","INSECTICIDE",3.55534806148941,"Hormone.Disruptor","suspected"
"769",2019,"FLORIDA","MEASURED IN PCT OF AREA BEARING","BIFENTHRIN","INSECTICIDE",3.55534806148941,"Developmental.or.Reproductive.Toxins","present"
"770",2019,"FLORIDA","MEASURED IN PCT OF AREA BEARING","BIFENTHRIN","INSECTICIDE",3.55534806148941,"Bee.Toxins","high"
"775",2019,"FLORIDA","MEASURED IN PCT OF AREA BEARING","THIAMETHOXAM","INSECTICIDE",2.77258872223978,"Bee.Toxins","high"
"781",2018,"CALIFORNIA","MEASURED IN LB","BOSCALID","FUNGICIDE",7.49554194388426,"Carcinogen","possible"
"786",2018,"CALIFORNIA","MEASURED IN LB","CAPTAN","FUNGICIDE",11.4595246882431,"Carcinogen","known"
"805",2018,"CALIFORNIA","MEASURED IN LB","FLUDIOXONIL","FUNGICIDE",8.10167774745457,"Bee.Toxins","slight"
"807",2018,"CALIFORNIA","MEASURED IN LB","MYCLOBUTANIL","FUNGICIDE",7.00306545878646,"Hormone.Disruptor","suspected"
"809",2018,"CALIFORNIA","MEASURED IN LB","MYCLOBUTANIL","FUNGICIDE",7.00306545878646,"Developmental.or.Reproductive.Toxins","present"
"811",2018,"CALIFORNIA","MEASURED IN LB","PROPICONAZOLE","FUNGICIDE",6.90775527898214,"Carcinogen","possible"
"812",2018,"CALIFORNIA","MEASURED IN LB","PROPICONAZOLE","FUNGICIDE",6.90775527898214,"Hormone.Disruptor","suspected"
"814",2018,"CALIFORNIA","MEASURED IN LB","PROPICONAZOLE","FUNGICIDE",6.90775527898214,"Developmental.or.Reproductive.Toxins","present"
"815",2018,"CALIFORNIA","MEASURED IN LB","PROPICONAZOLE","FUNGICIDE",6.90775527898214,"Bee.Toxins","slight"
"820",2018,"CALIFORNIA","MEASURED IN LB","PYRACLOSTROBIN","FUNGICIDE",7.74066440191724,"Bee.Toxins","slight"
"821",2018,"CALIFORNIA","MEASURED IN LB","PYRIMETHANIL","FUNGICIDE",7.9373746961633,"Carcinogen","possible"
"822",2018,"CALIFORNIA","MEASURED IN LB","PYRIMETHANIL","FUNGICIDE",7.9373746961633,"Hormone.Disruptor","suspected"
"825",2018,"CALIFORNIA","MEASURED IN LB","PYRIMETHANIL","FUNGICIDE",7.9373746961633,"Bee.Toxins","slight"
"835",2018,"CALIFORNIA","MEASURED IN LB","TRIFLUMIZOLE","FUNGICIDE",7.54960916515453,"Bee.Toxins","slight"
"840",2018,"CALIFORNIA","MEASURED IN LB","ACETAMIPRID","INSECTICIDE",7.09007683577609,"Bee.Toxins","moderate"
"845",2018,"CALIFORNIA","MEASURED IN LB","BIFENAZATE","INSECTICIDE",8.53699581871242,"Bee.Toxins","moderate"
"846",2018,"CALIFORNIA","MEASURED IN LB","BIFENTHRIN","INSECTICIDE",7.00306545878646,"Carcinogen","possible"
"847",2018,"CALIFORNIA","MEASURED IN LB","BIFENTHRIN","INSECTICIDE",7.00306545878646,"Hormone.Disruptor","suspected"
"849",2018,"CALIFORNIA","MEASURED IN LB","BIFENTHRIN","INSECTICIDE",7.00306545878646,"Developmental.or.Reproductive.Toxins","present"
"850",2018,"CALIFORNIA","MEASURED IN LB","BIFENTHRIN","INSECTICIDE",7.00306545878646,"Bee.Toxins","high"
"856",2018,"CALIFORNIA","MEASURED IN LB","HEXYTHIAZOX","INSECTICIDE",6.68461172766793,"Carcinogen","probable"
"865",2018,"CALIFORNIA","MEASURED IN LB","IMIDACLOPRID","INSECTICIDE",8.3187422526924,"Bee.Toxins","high"
"866",2018,"CALIFORNIA","MEASURED IN LB","MALATHION","INSECTICIDE",8.98719682066197,"Carcinogen","possible"
"867",2018,"CALIFORNIA","MEASURED IN LB","MALATHION","INSECTICIDE",8.98719682066197,"Hormone.Disruptor","suspected"
"868",2018,"CALIFORNIA","MEASURED IN LB","MALATHION","INSECTICIDE",8.98719682066197,"Neurotoxins","present"
"870",2018,"CALIFORNIA","MEASURED IN LB","MALATHION","INSECTICIDE",8.98719682066197,"Bee.Toxins","high"
"875",2018,"CALIFORNIA","MEASURED IN LB","METHOXYFENOZIDE","INSECTICIDE",6.90775527898214,"Bee.Toxins","slight"
"885",2018,"CALIFORNIA","MEASURED IN LB","THIAMETHOXAM","INSECTICIDE",5.99146454710798,"Bee.Toxins","high"
"891",2018,"CALIFORNIA","MEASURED IN LB / ACRE / APPLICATION","BOSCALID","FUNGICIDE",-1.02722229258144,"Carcinogen","possible"
"896",2018,"CALIFORNIA","MEASURED IN LB / ACRE / APPLICATION","CAPTAN","FUNGICIDE",0.630207380786071,"Carcinogen","known"
"915",2018,"CALIFORNIA","MEASURED IN LB / ACRE / APPLICATION","FLUDIOXONIL","FUNGICIDE",-1.54177926396029,"Bee.Toxins","slight"
"917",2018,"CALIFORNIA","MEASURED IN LB / ACRE / APPLICATION","MYCLOBUTANIL","FUNGICIDE",-2.26336437984076,"Hormone.Disruptor","suspected"
"919",2018,"CALIFORNIA","MEASURED IN LB / ACRE / APPLICATION","MYCLOBUTANIL","FUNGICIDE",-2.26336437984076,"Developmental.or.Reproductive.Toxins","present"
"921",2018,"CALIFORNIA","MEASURED IN LB / ACRE / APPLICATION","PROPICONAZOLE","FUNGICIDE",-2.18925640768704,"Carcinogen","possible"
"922",2018,"CALIFORNIA","MEASURED IN LB / ACRE / APPLICATION","PROPICONAZOLE","FUNGICIDE",-2.18925640768704,"Hormone.Disruptor","suspected"
"924",2018,"CALIFORNIA","MEASURED IN LB / ACRE / APPLICATION","PROPICONAZOLE","FUNGICIDE",-2.18925640768704,"Developmental.or.Reproductive.Toxins","present"
"925",2018,"CALIFORNIA","MEASURED IN LB / ACRE / APPLICATION","PROPICONAZOLE","FUNGICIDE",-2.18925640768704,"Bee.Toxins","slight"
"930",2018,"CALIFORNIA","MEASURED IN LB / ACRE / APPLICATION","PYRACLOSTROBIN","FUNGICIDE",-1.76609172247948,"Bee.Toxins","slight"
"931",2018,"CALIFORNIA","MEASURED IN LB / ACRE / APPLICATION","PYRIMETHANIL","FUNGICIDE",-0.465215112513938,"Carcinogen","possible"
"932",2018,"CALIFORNIA","MEASURED IN LB / ACRE / APPLICATION","PYRIMETHANIL","FUNGICIDE",-0.465215112513938,"Hormone.Disruptor","suspected"
"935",2018,"CALIFORNIA","MEASURED IN LB / ACRE / APPLICATION","PYRIMETHANIL","FUNGICIDE",-0.465215112513938,"Bee.Toxins","slight"
"945",2018,"CALIFORNIA","MEASURED IN LB / ACRE / APPLICATION","TRIFLUMIZOLE","FUNGICIDE",-1.42295834549148,"Bee.Toxins","slight"
"950",2018,"CALIFORNIA","MEASURED IN LB / ACRE / APPLICATION","ACETAMIPRID","INSECTICIDE",-2.13707065451647,"Bee.Toxins","moderate"
"955",2018,"CALIFORNIA","MEASURED IN LB / ACRE / APPLICATION","BIFENAZATE","INSECTICIDE",-0.713349887877465,"Bee.Toxins","moderate"
"956",2018,"CALIFORNIA","MEASURED IN LB / ACRE / APPLICATION","BIFENTHRIN","INSECTICIDE",-2.32278780031156,"Carcinogen","possible"
"957",2018,"CALIFORNIA","MEASURED IN LB / ACRE / APPLICATION","BIFENTHRIN","INSECTICIDE",-2.32278780031156,"Hormone.Disruptor","suspected"
"959",2018,"CALIFORNIA","MEASURED IN LB / ACRE / APPLICATION","BIFENTHRIN","INSECTICIDE",-2.32278780031156,"Developmental.or.Reproductive.Toxins","present"
"960",2018,"CALIFORNIA","MEASURED IN LB / ACRE / APPLICATION","BIFENTHRIN","INSECTICIDE",-2.32278780031156,"Bee.Toxins","high"
"966",2018,"CALIFORNIA","MEASURED IN LB / ACRE / APPLICATION","HEXYTHIAZOX","INSECTICIDE",-1.70925824771631,"Carcinogen","probable"
"975",2018,"CALIFORNIA","MEASURED IN LB / ACRE / APPLICATION","IMIDACLOPRID","INSECTICIDE",-0.693147180559945,"Bee.Toxins","high"
"976",2018,"CALIFORNIA","MEASURED IN LB / ACRE / APPLICATION","MALATHION","INSECTICIDE",0.587230954968396,"Carcinogen","possible"
"977",2018,"CALIFORNIA","MEASURED IN LB / ACRE / APPLICATION","MALATHION","INSECTICIDE",0.587230954968396,"Hormone.Disruptor","suspected"
"978",2018,"CALIFORNIA","MEASURED IN LB / ACRE / APPLICATION","MALATHION","INSECTICIDE",0.587230954968396,"Neurotoxins","present"
"980",2018,"CALIFORNIA","MEASURED IN LB / ACRE / APPLICATION","MALATHION","INSECTICIDE",0.587230954968396,"Bee.Toxins","high"
"985",2018,"CALIFORNIA","MEASURED IN LB / ACRE / APPLICATION","METHOXYFENOZIDE","INSECTICIDE",-1.73727128394399,"Bee.Toxins","slight"
"995",2018,"CALIFORNIA","MEASURED IN LB / ACRE / APPLICATION","THIAMETHOXAM","INSECTICIDE",-2.81341071676004,"Bee.Toxins","high"
"1001",2018,"CALIFORNIA","MEASURED IN LB / ACRE / YEAR","BOSCALID","FUNGICIDE",-0.570929547835696,"Carcinogen","possible"
"1006",2018,"CALIFORNIA","MEASURED IN LB / ACRE / YEAR","CAPTAN","FUNGICIDE",1.86439016026296,"Carcinogen","known"
"1025",2018,"CALIFORNIA","MEASURED IN LB / ACRE / YEAR","FLUDIOXONIL","FUNGICIDE",-1.18090753139494,"Bee.Toxins","slight"
"1027",2018,"CALIFORNIA","MEASURED IN LB / ACRE / YEAR","MYCLOBUTANIL","FUNGICIDE",-1.78976146656538,"Hormone.Disruptor","suspected"
"1029",2018,"CALIFORNIA","MEASURED IN LB / ACRE / YEAR","MYCLOBUTANIL","FUNGICIDE",-1.78976146656538,"Developmental.or.Reproductive.Toxins","present"
"1031",2018,"CALIFORNIA","MEASURED IN LB / ACRE / YEAR","PROPICONAZOLE","FUNGICIDE",-1.50959257746438,"Carcinogen","possible"
"1032",2018,"CALIFORNIA","MEASURED IN LB / ACRE / YEAR","PROPICONAZOLE","FUNGICIDE",-1.50959257746438,"Hormone.Disruptor","suspected"
"1034",2018,"CALIFORNIA","MEASURED IN LB / ACRE / YEAR","PROPICONAZOLE","FUNGICIDE",-1.50959257746438,"Developmental.or.Reproductive.Toxins","present"
"1035",2018,"CALIFORNIA","MEASURED IN LB / ACRE / YEAR","PROPICONAZOLE","FUNGICIDE",-1.50959257746438,"Bee.Toxins","slight"
"1040",2018,"CALIFORNIA","MEASURED IN LB / ACRE / YEAR","PYRACLOSTROBIN","FUNGICIDE",-1.18744350237473,"Bee.Toxins","slight"
"1041",2018,"CALIFORNIA","MEASURED IN LB / ACRE / YEAR","PYRIMETHANIL","FUNGICIDE",-0.271808723295491,"Carcinogen","possible"
"1042",2018,"CALIFORNIA","MEASURED IN LB / ACRE / YEAR","PYRIMETHANIL","FUNGICIDE",-0.271808723295491,"Hormone.Disruptor","suspected"
"1045",2018,"CALIFORNIA","MEASURED IN LB / ACRE / YEAR","PYRIMETHANIL","FUNGICIDE",-0.271808723295491,"Bee.Toxins","slight"
"1055",2018,"CALIFORNIA","MEASURED IN LB / ACRE / YEAR","TRIFLUMIZOLE","FUNGICIDE",-0.926341067727656,"Bee.Toxins","slight"
"1060",2018,"CALIFORNIA","MEASURED IN LB / ACRE / YEAR","ACETAMIPRID","INSECTICIDE",-1.80180980508156,"Bee.Toxins","moderate"
"1065",2018,"CALIFORNIA","MEASURED IN LB / ACRE / YEAR","BIFENAZATE","INSECTICIDE",-0.438504962186365,"Bee.Toxins","moderate"
"1066",2018,"CALIFORNIA","MEASURED IN LB / ACRE / YEAR","BIFENTHRIN","INSECTICIDE",-1.81400507817537,"Carcinogen","possible"
"1067",2018,"CALIFORNIA","MEASURED IN LB / ACRE / YEAR","BIFENTHRIN","INSECTICIDE",-1.81400507817537,"Hormone.Disruptor","suspected"
"1069",2018,"CALIFORNIA","MEASURED IN LB / ACRE / YEAR","BIFENTHRIN","INSECTICIDE",-1.81400507817537,"Developmental.or.Reproductive.Toxins","present"
"1070",2018,"CALIFORNIA","MEASURED IN LB / ACRE / YEAR","BIFENTHRIN","INSECTICIDE",-1.81400507817537,"Bee.Toxins","high"
"1076",2018,"CALIFORNIA","MEASURED IN LB / ACRE / YEAR","HEXYTHIAZOX","INSECTICIDE",-1.55116900431012,"Carcinogen","probable"
"1085",2018,"CALIFORNIA","MEASURED IN LB / ACRE / YEAR","IMIDACLOPRID","INSECTICIDE",-0.462035459596559,"Bee.Toxins","high"
"1086",2018,"CALIFORNIA","MEASURED IN LB / ACRE / YEAR","MALATHION","INSECTICIDE",1.11906829723549,"Carcinogen","possible"
"1087",2018,"CALIFORNIA","MEASURED IN LB / ACRE / YEAR","MALATHION","INSECTICIDE",1.11906829723549,"Hormone.Disruptor","suspected"
"1088",2018,"CALIFORNIA","MEASURED IN LB / ACRE / YEAR","MALATHION","INSECTICIDE",1.11906829723549,"Neurotoxins","present"
"1090",2018,"CALIFORNIA","MEASURED IN LB / ACRE / YEAR","MALATHION","INSECTICIDE",1.11906829723549,"Bee.Toxins","high"
"1095",2018,"CALIFORNIA","MEASURED IN LB / ACRE / YEAR","METHOXYFENOZIDE","INSECTICIDE",-1.54177926396029,"Bee.Toxins","slight"
"1105",2018,"CALIFORNIA","MEASURED IN LB / ACRE / YEAR","THIAMETHOXAM","INSECTICIDE",-2.45340798272863,"Bee.Toxins","high"
"1111",2018,"CALIFORNIA","MEASURED IN NUMBER","BOSCALID","FUNGICIDE",0.470003629245736,"Carcinogen","possible"
"1116",2018,"CALIFORNIA","MEASURED IN NUMBER","CAPTAN","FUNGICIDE",1.22377543162212,"Carcinogen","known"
"1135",2018,"CALIFORNIA","MEASURED IN NUMBER","FLUDIOXONIL","FUNGICIDE",0.336472236621213,"Bee.Toxins","slight"
"1137",2018,"CALIFORNIA","MEASURED IN NUMBER","MYCLOBUTANIL","FUNGICIDE",0.470003629245736,"Hormone.Disruptor","suspected"
"1139",2018,"CALIFORNIA","MEASURED IN NUMBER","MYCLOBUTANIL","FUNGICIDE",0.470003629245736,"Developmental.or.Reproductive.Toxins","present"
"1145",2018,"CALIFORNIA","MEASURED IN NUMBER","PYRACLOSTROBIN","FUNGICIDE",0.587786664902119,"Bee.Toxins","slight"
"1146",2018,"CALIFORNIA","MEASURED IN NUMBER","PYRIMETHANIL","FUNGICIDE",0.182321556793955,"Carcinogen","possible"
"1147",2018,"CALIFORNIA","MEASURED IN NUMBER","PYRIMETHANIL","FUNGICIDE",0.182321556793955,"Hormone.Disruptor","suspected"
"1150",2018,"CALIFORNIA","MEASURED IN NUMBER","PYRIMETHANIL","FUNGICIDE",0.182321556793955,"Bee.Toxins","slight"
"1160",2018,"CALIFORNIA","MEASURED IN NUMBER","TRIFLUMIZOLE","FUNGICIDE",0.470003629245736,"Bee.Toxins","slight"
"1165",2018,"CALIFORNIA","MEASURED IN NUMBER","ACETAMIPRID","INSECTICIDE",0.336472236621213,"Bee.Toxins","moderate"
"1170",2018,"CALIFORNIA","MEASURED IN NUMBER","BIFENAZATE","INSECTICIDE",0.262364264467491,"Bee.Toxins","moderate"
"1171",2018,"CALIFORNIA","MEASURED IN NUMBER","BIFENTHRIN","INSECTICIDE",0.53062825106217,"Carcinogen","possible"
"1172",2018,"CALIFORNIA","MEASURED IN NUMBER","BIFENTHRIN","INSECTICIDE",0.53062825106217,"Hormone.Disruptor","suspected"
"1174",2018,"CALIFORNIA","MEASURED IN NUMBER","BIFENTHRIN","INSECTICIDE",0.53062825106217,"Developmental.or.Reproductive.Toxins","present"
"1175",2018,"CALIFORNIA","MEASURED IN NUMBER","BIFENTHRIN","INSECTICIDE",0.53062825106217,"Bee.Toxins","high"
"1181",2018,"CALIFORNIA","MEASURED IN NUMBER","HEXYTHIAZOX","INSECTICIDE",0.182321556793955,"Carcinogen","probable"
"1190",2018,"CALIFORNIA","MEASURED IN NUMBER","IMIDACLOPRID","INSECTICIDE",0.262364264467491,"Bee.Toxins","high"
"1191",2018,"CALIFORNIA","MEASURED IN NUMBER","MALATHION","INSECTICIDE",0.53062825106217,"Carcinogen","possible"
"1192",2018,"CALIFORNIA","MEASURED IN NUMBER","MALATHION","INSECTICIDE",0.53062825106217,"Hormone.Disruptor","suspected"
"1193",2018,"CALIFORNIA","MEASURED IN NUMBER","MALATHION","INSECTICIDE",0.53062825106217,"Neurotoxins","present"
"1195",2018,"CALIFORNIA","MEASURED IN NUMBER","MALATHION","INSECTICIDE",0.53062825106217,"Bee.Toxins","high"
"1200",2018,"CALIFORNIA","MEASURED IN NUMBER","METHOXYFENOZIDE","INSECTICIDE",0.182321556793955,"Bee.Toxins","slight"
"1210",2018,"CALIFORNIA","MEASURED IN NUMBER","THIAMETHOXAM","INSECTICIDE",0.336472236621213,"Bee.Toxins","high"
"1216",2018,"CALIFORNIA","MEASURED IN PCT OF AREA BEARING","CAPTAN","FUNGICIDE",3.71357206670431,"Carcinogen","known"
"1230",2018,"CALIFORNIA","MEASURED IN PCT OF AREA BEARING","FLUDIOXONIL","FUNGICIDE",3.40119738166216,"Bee.Toxins","slight"
"1232",2018,"CALIFORNIA","MEASURED IN PCT OF AREA BEARING","MYCLOBUTANIL","FUNGICIDE",2.89037175789616,"Hormone.Disruptor","suspected"
"1234",2018,"CALIFORNIA","MEASURED IN PCT OF AREA BEARING","MYCLOBUTANIL","FUNGICIDE",2.89037175789616,"Developmental.or.Reproductive.Toxins","present"
"1236",2018,"CALIFORNIA","MEASURED IN PCT OF AREA BEARING","PROPICONAZOLE","FUNGICIDE",2.484906649788,"Carcinogen","possible"
"1237",2018,"CALIFORNIA","MEASURED IN PCT OF AREA BEARING","PROPICONAZOLE","FUNGICIDE",2.484906649788,"Hormone.Disruptor","suspected"
"1239",2018,"CALIFORNIA","MEASURED IN PCT OF AREA BEARING","PROPICONAZOLE","FUNGICIDE",2.484906649788,"Developmental.or.Reproductive.Toxins","present"
"1240",2018,"CALIFORNIA","MEASURED IN PCT OF AREA BEARING","PROPICONAZOLE","FUNGICIDE",2.484906649788,"Bee.Toxins","slight"
"1245",2018,"CALIFORNIA","MEASURED IN PCT OF AREA BEARING","PYRACLOSTROBIN","FUNGICIDE",3.04452243772342,"Bee.Toxins","slight"
"1246",2018,"CALIFORNIA","MEASURED IN PCT OF AREA BEARING","PYRIMETHANIL","FUNGICIDE",2.30258509299405,"Carcinogen","possible"
"1247",2018,"CALIFORNIA","MEASURED IN PCT OF AREA BEARING","PYRIMETHANIL","FUNGICIDE",2.30258509299405,"Hormone.Disruptor","suspected"
"1250",2018,"CALIFORNIA","MEASURED IN PCT OF AREA BEARING","PYRIMETHANIL","FUNGICIDE",2.30258509299405,"Bee.Toxins","slight"
"1260",2018,"CALIFORNIA","MEASURED IN PCT OF AREA BEARING","TRIFLUMIZOLE","FUNGICIDE",2.56494935746154,"Bee.Toxins","slight"
"1265",2018,"CALIFORNIA","MEASURED IN PCT OF AREA BEARING","ACETAMIPRID","INSECTICIDE",2.99573227355399,"Bee.Toxins","moderate"
"1270",2018,"CALIFORNIA","MEASURED IN PCT OF AREA BEARING","BIFENAZATE","INSECTICIDE",3.09104245335832,"Bee.Toxins","moderate"
"1271",2018,"CALIFORNIA","MEASURED IN PCT OF AREA BEARING","BIFENTHRIN","INSECTICIDE",2.94443897916644,"Carcinogen","possible"
"1272",2018,"CALIFORNIA","MEASURED IN PCT OF AREA BEARING","BIFENTHRIN","INSECTICIDE",2.94443897916644,"Hormone.Disruptor","suspected"
"1274",2018,"CALIFORNIA","MEASURED IN PCT OF AREA BEARING","BIFENTHRIN","INSECTICIDE",2.94443897916644,"Developmental.or.Reproductive.Toxins","present"
"1275",2018,"CALIFORNIA","MEASURED IN PCT OF AREA BEARING","BIFENTHRIN","INSECTICIDE",2.94443897916644,"Bee.Toxins","high"
"1276",2018,"CALIFORNIA","MEASURED IN PCT OF AREA BEARING","HEXYTHIAZOX","INSECTICIDE",2.39789527279837,"Carcinogen","probable"
"1285",2018,"CALIFORNIA","MEASURED IN PCT OF AREA BEARING","IMIDACLOPRID","INSECTICIDE",2.89037175789616,"Bee.Toxins","high"
"1290",2018,"CALIFORNIA","MEASURED IN PCT OF AREA BEARING","METHOXYFENOZIDE","INSECTICIDE",2.56494935746154,"Bee.Toxins","slight"
"1295",2018,"CALIFORNIA","MEASURED IN PCT OF AREA BEARING","THIAMETHOXAM","INSECTICIDE",2.484906649788,"Bee.Toxins","high"
"1296",2018,"FLORIDA","MEASURED IN LB","CAPTAN","FUNGICIDE",11.3782505616436,"Carcinogen","known"
"1310",2018,"FLORIDA","MEASURED IN LB","FLUDIOXONIL","FUNGICIDE",7.43838353004431,"Bee.Toxins","slight"
"1311",2018,"FLORIDA","MEASURED IN LB / ACRE / APPLICATION","CAPTAN","FUNGICIDE",0.619500640391647,"Carcinogen","known"
"1325",2018,"FLORIDA","MEASURED IN LB / ACRE / APPLICATION","FLUDIOXONIL","FUNGICIDE",-1.50959257746438,"Bee.Toxins","slight"
"1326",2018,"FLORIDA","MEASURED IN LB / ACRE / YEAR","CAPTAN","FUNGICIDE",2.21844232488162,"Carcinogen","known"
"1340",2018,"FLORIDA","MEASURED IN LB / ACRE / YEAR","FLUDIOXONIL","FUNGICIDE",-0.691149177897272,"Bee.Toxins","slight"
"1341",2018,"FLORIDA","MEASURED IN NUMBER","CAPTAN","FUNGICIDE",1.58923520511658,"Carcinogen","known"
"1350",2018,"FLORIDA","MEASURED IN NUMBER","FLUDIOXONIL","FUNGICIDE",0.832909122935104,"Bee.Toxins","slight"
"1351",2018,"FLORIDA","MEASURED IN PCT OF AREA BEARING","CAPTAN","FUNGICIDE",4.56434819146784,"Carcinogen","known"
"1365",2018,"FLORIDA","MEASURED IN PCT OF AREA BEARING","FLUDIOXONIL","FUNGICIDE",3.49650756146648,"Bee.Toxins","slight"
"1371",2016,"CALIFORNIA","MEASURED IN LB","BOSCALID","FUNGICIDE",9.30565055178051,"Carcinogen","possible"
"1376",2016,"CALIFORNIA","MEASURED IN LB","CAPTAN","FUNGICIDE",12.3131317178236,"Carcinogen","known"
"1395",2016,"CALIFORNIA","MEASURED IN LB","FLUDIOXONIL","FUNGICIDE",9.12695876303713,"Bee.Toxins","slight"
"1397",2016,"CALIFORNIA","MEASURED IN LB","MYCLOBUTANIL","FUNGICIDE",7.97246601597457,"Hormone.Disruptor","suspected"
"1399",2016,"CALIFORNIA","MEASURED IN LB","MYCLOBUTANIL","FUNGICIDE",7.97246601597457,"Developmental.or.Reproductive.Toxins","present"
"1401",2016,"CALIFORNIA","MEASURED IN LB","PROPICONAZOLE","FUNGICIDE",7.69621263934641,"Carcinogen","possible"
"1402",2016,"CALIFORNIA","MEASURED IN LB","PROPICONAZOLE","FUNGICIDE",7.69621263934641,"Hormone.Disruptor","suspected"
"1404",2016,"CALIFORNIA","MEASURED IN LB","PROPICONAZOLE","FUNGICIDE",7.69621263934641,"Developmental.or.Reproductive.Toxins","present"
"1405",2016,"CALIFORNIA","MEASURED IN LB","PROPICONAZOLE","FUNGICIDE",7.69621263934641,"Bee.Toxins","slight"
"1410",2016,"CALIFORNIA","MEASURED IN LB","PYRACLOSTROBIN","FUNGICIDE",9.07107830464268,"Bee.Toxins","slight"
"1411",2016,"CALIFORNIA","MEASURED IN LB","PYRIMETHANIL","FUNGICIDE",9.55393007636626,"Carcinogen","possible"
"1412",2016,"CALIFORNIA","MEASURED IN LB","PYRIMETHANIL","FUNGICIDE",9.55393007636626,"Hormone.Disruptor","suspected"
"1415",2016,"CALIFORNIA","MEASURED IN LB","PYRIMETHANIL","FUNGICIDE",9.55393007636626,"Bee.Toxins","slight"
"1425",2016,"CALIFORNIA","MEASURED IN LB","TRIFLUMIZOLE","FUNGICIDE",8.63052187672324,"Bee.Toxins","slight"
"1430",2016,"CALIFORNIA","MEASURED IN LB","ACETAMIPRID","INSECTICIDE",8.10167774745457,"Bee.Toxins","moderate"
"1435",2016,"CALIFORNIA","MEASURED IN LB","BIFENAZATE","INSECTICIDE",8.73230457103318,"Bee.Toxins","moderate"
"1436",2016,"CALIFORNIA","MEASURED IN LB","BIFENTHRIN","INSECTICIDE",7.90100705199242,"Carcinogen","possible"
"1437",2016,"CALIFORNIA","MEASURED IN LB","BIFENTHRIN","INSECTICIDE",7.90100705199242,"Hormone.Disruptor","suspected"
"1439",2016,"CALIFORNIA","MEASURED IN LB","BIFENTHRIN","INSECTICIDE",7.90100705199242,"Developmental.or.Reproductive.Toxins","present"
"1440",2016,"CALIFORNIA","MEASURED IN LB","BIFENTHRIN","INSECTICIDE",7.90100705199242,"Bee.Toxins","high"
"1446",2016,"CALIFORNIA","MEASURED IN LB","HEXYTHIAZOX","INSECTICIDE",7.00306545878646,"Carcinogen","probable"
"1455",2016,"CALIFORNIA","MEASURED IN LB","IMIDACLOPRID","INSECTICIDE",7.97246601597457,"Bee.Toxins","high"
"1456",2016,"CALIFORNIA","MEASURED IN LB","MALATHION","INSECTICIDE",9.95702831946416,"Carcinogen","possible"
"1457",2016,"CALIFORNIA","MEASURED IN LB","MALATHION","INSECTICIDE",9.95702831946416,"Hormone.Disruptor","suspected"
"1458",2016,"CALIFORNIA","MEASURED IN LB","MALATHION","INSECTICIDE",9.95702831946416,"Neurotoxins","present"
"1460",2016,"CALIFORNIA","MEASURED IN LB","MALATHION","INSECTICIDE",9.95702831946416,"Bee.Toxins","high"
"1465",2016,"CALIFORNIA","MEASURED IN LB","METHOXYFENOZIDE","INSECTICIDE",7.82404601085629,"Bee.Toxins","slight"
"1475",2016,"CALIFORNIA","MEASURED IN LB","THIAMETHOXAM","INSECTICIDE",6.5510803350434,"Bee.Toxins","high"
"1481",2016,"CALIFORNIA","MEASURED IN LB / ACRE / APPLICATION","BOSCALID","FUNGICIDE",-1.04412410338404,"Carcinogen","possible"
"1486",2016,"CALIFORNIA","MEASURED IN LB / ACRE / APPLICATION","CAPTAN","FUNGICIDE",0.506215011208307,"Carcinogen","known"
"1505",2016,"CALIFORNIA","MEASURED IN LB / ACRE / APPLICATION","FLUDIOXONIL","FUNGICIDE",-1.52326021619305,"Bee.Toxins","slight"
"1507",2016,"CALIFORNIA","MEASURED IN LB / ACRE / APPLICATION","MYCLOBUTANIL","FUNGICIDE",-2.16282315061889,"Hormone.Disruptor","suspected"
"1509",2016,"CALIFORNIA","MEASURED IN LB / ACRE / APPLICATION","MYCLOBUTANIL","FUNGICIDE",-2.16282315061889,"Developmental.or.Reproductive.Toxins","present"
"1511",2016,"CALIFORNIA","MEASURED IN LB / ACRE / APPLICATION","PROPICONAZOLE","FUNGICIDE",-2.18925640768704,"Carcinogen","possible"
"1512",2016,"CALIFORNIA","MEASURED IN LB / ACRE / APPLICATION","PROPICONAZOLE","FUNGICIDE",-2.18925640768704,"Hormone.Disruptor","suspected"
"1514",2016,"CALIFORNIA","MEASURED IN LB / ACRE / APPLICATION","PROPICONAZOLE","FUNGICIDE",-2.18925640768704,"Developmental.or.Reproductive.Toxins","present"
"1515",2016,"CALIFORNIA","MEASURED IN LB / ACRE / APPLICATION","PROPICONAZOLE","FUNGICIDE",-2.18925640768704,"Bee.Toxins","slight"
"1520",2016,"CALIFORNIA","MEASURED IN LB / ACRE / APPLICATION","PYRACLOSTROBIN","FUNGICIDE",-1.72597172869005,"Bee.Toxins","slight"
"1521",2016,"CALIFORNIA","MEASURED IN LB / ACRE / APPLICATION","PYRIMETHANIL","FUNGICIDE",-0.41855034765682,"Carcinogen","possible"
"1522",2016,"CALIFORNIA","MEASURED IN LB / ACRE / APPLICATION","PYRIMETHANIL","FUNGICIDE",-0.41855034765682,"Hormone.Disruptor","suspected"
"1525",2016,"CALIFORNIA","MEASURED IN LB / ACRE / APPLICATION","PYRIMETHANIL","FUNGICIDE",-0.41855034765682,"Bee.Toxins","slight"
"1535",2016,"CALIFORNIA","MEASURED IN LB / ACRE / APPLICATION","TRIFLUMIZOLE","FUNGICIDE",-1.45243416362444,"Bee.Toxins","slight"
"1540",2016,"CALIFORNIA","MEASURED IN LB / ACRE / APPLICATION","ACETAMIPRID","INSECTICIDE",-2.0874737133771,"Bee.Toxins","moderate"
"1545",2016,"CALIFORNIA","MEASURED IN LB / ACRE / APPLICATION","BIFENAZATE","INSECTICIDE",-0.695149183230618,"Bee.Toxins","moderate"
"1546",2016,"CALIFORNIA","MEASURED IN LB / ACRE / APPLICATION","BIFENTHRIN","INSECTICIDE",-2.23492644452023,"Carcinogen","possible"
"1547",2016,"CALIFORNIA","MEASURED IN LB / ACRE / APPLICATION","BIFENTHRIN","INSECTICIDE",-2.23492644452023,"Hormone.Disruptor","suspected"
"1549",2016,"CALIFORNIA","MEASURED IN LB / ACRE / APPLICATION","BIFENTHRIN","INSECTICIDE",-2.23492644452023,"Developmental.or.Reproductive.Toxins","present"
"1550",2016,"CALIFORNIA","MEASURED IN LB / ACRE / APPLICATION","BIFENTHRIN","INSECTICIDE",-2.23492644452023,"Bee.Toxins","high"
"1556",2016,"CALIFORNIA","MEASURED IN LB / ACRE / APPLICATION","HEXYTHIAZOX","INSECTICIDE",-1.67131331615219,"Carcinogen","probable"
"1565",2016,"CALIFORNIA","MEASURED IN LB / ACRE / APPLICATION","IMIDACLOPRID","INSECTICIDE",-0.740238788093796,"Bee.Toxins","high"
"1566",2016,"CALIFORNIA","MEASURED IN LB / ACRE / APPLICATION","MALATHION","INSECTICIDE",0.671412688413939,"Carcinogen","possible"
"1567",2016,"CALIFORNIA","MEASURED IN LB / ACRE / APPLICATION","MALATHION","INSECTICIDE",0.671412688413939,"Hormone.Disruptor","suspected"
"1568",2016,"CALIFORNIA","MEASURED IN LB / ACRE / APPLICATION","MALATHION","INSECTICIDE",0.671412688413939,"Neurotoxins","present"
"1570",2016,"CALIFORNIA","MEASURED IN LB / ACRE / APPLICATION","MALATHION","INSECTICIDE",0.671412688413939,"Bee.Toxins","high"
"1575",2016,"CALIFORNIA","MEASURED IN LB / ACRE / APPLICATION","METHOXYFENOZIDE","INSECTICIDE",-1.75446368448436,"Bee.Toxins","slight"
"1585",2016,"CALIFORNIA","MEASURED IN LB / ACRE / APPLICATION","THIAMETHOXAM","INSECTICIDE",-2.78062089393705,"Bee.Toxins","high"
"1591",2016,"CALIFORNIA","MEASURED IN LB / ACRE / YEAR","BOSCALID","FUNGICIDE",-0.539568092631645,"Carcinogen","possible"
"1596",2016,"CALIFORNIA","MEASURED IN LB / ACRE / YEAR","CAPTAN","FUNGICIDE",1.8808381523116,"Carcinogen","known"
"1615",2016,"CALIFORNIA","MEASURED IN LB / ACRE / YEAR","FLUDIOXONIL","FUNGICIDE",-1.02165124753198,"Bee.Toxins","slight"
"1617",2016,"CALIFORNIA","MEASURED IN LB / ACRE / YEAR","MYCLOBUTANIL","FUNGICIDE",-1.68200860526894,"Hormone.Disruptor","suspected"
"1619",2016,"CALIFORNIA","MEASURED IN LB / ACRE / YEAR","MYCLOBUTANIL","FUNGICIDE",-1.68200860526894,"Developmental.or.Reproductive.Toxins","present"
"1621",2016,"CALIFORNIA","MEASURED IN LB / ACRE / YEAR","PROPICONAZOLE","FUNGICIDE",-1.69281952137315,"Carcinogen","possible"
"1622",2016,"CALIFORNIA","MEASURED IN LB / ACRE / YEAR","PROPICONAZOLE","FUNGICIDE",-1.69281952137315,"Hormone.Disruptor","suspected"
"1624",2016,"CALIFORNIA","MEASURED IN LB / ACRE / YEAR","PROPICONAZOLE","FUNGICIDE",-1.69281952137315,"Developmental.or.Reproductive.Toxins","present"
"1625",2016,"CALIFORNIA","MEASURED IN LB / ACRE / YEAR","PROPICONAZOLE","FUNGICIDE",-1.69281952137315,"Bee.Toxins","slight"
"1630",2016,"CALIFORNIA","MEASURED IN LB / ACRE / YEAR","PYRACLOSTROBIN","FUNGICIDE",-1.04982212449868,"Bee.Toxins","slight"
"1631",2016,"CALIFORNIA","MEASURED IN LB / ACRE / YEAR","PYRIMETHANIL","FUNGICIDE",0.100749903100143,"Carcinogen","possible"
"1632",2016,"CALIFORNIA","MEASURED IN LB / ACRE / YEAR","PYRIMETHANIL","FUNGICIDE",0.100749903100143,"Hormone.Disruptor","suspected"
"1635",2016,"CALIFORNIA","MEASURED IN LB / ACRE / YEAR","PYRIMETHANIL","FUNGICIDE",0.100749903100143,"Bee.Toxins","slight"
"1645",2016,"CALIFORNIA","MEASURED IN LB / ACRE / YEAR","TRIFLUMIZOLE","FUNGICIDE",-0.886731929632611,"Bee.Toxins","slight"
"1650",2016,"CALIFORNIA","MEASURED IN LB / ACRE / YEAR","ACETAMIPRID","INSECTICIDE",-1.67131331615219,"Bee.Toxins","moderate"
"1655",2016,"CALIFORNIA","MEASURED IN LB / ACRE / YEAR","BIFENAZATE","INSECTICIDE",-0.447850824604602,"Bee.Toxins","moderate"
"1656",2016,"CALIFORNIA","MEASURED IN LB / ACRE / YEAR","BIFENTHRIN","INSECTICIDE",-1.81400507817537,"Carcinogen","possible"
"1657",2016,"CALIFORNIA","MEASURED IN LB / ACRE / YEAR","BIFENTHRIN","INSECTICIDE",-1.81400507817537,"Hormone.Disruptor","suspected"
"1659",2016,"CALIFORNIA","MEASURED IN LB / ACRE / YEAR","BIFENTHRIN","INSECTICIDE",-1.81400507817537,"Developmental.or.Reproductive.Toxins","present"
"1660",2016,"CALIFORNIA","MEASURED IN LB / ACRE / YEAR","BIFENTHRIN","INSECTICIDE",-1.81400507817537,"Bee.Toxins","high"
"1666",2016,"CALIFORNIA","MEASURED IN LB / ACRE / YEAR","HEXYTHIAZOX","INSECTICIDE",-1.51412773262978,"Carcinogen","probable"
"1675",2016,"CALIFORNIA","MEASURED IN LB / ACRE / YEAR","IMIDACLOPRID","INSECTICIDE",-0.576253429088446,"Bee.Toxins","high"
"1676",2016,"CALIFORNIA","MEASURED IN LB / ACRE / YEAR","MALATHION","INSECTICIDE",1.03247248616356,"Carcinogen","possible"
"1677",2016,"CALIFORNIA","MEASURED IN LB / ACRE / YEAR","MALATHION","INSECTICIDE",1.03247248616356,"Hormone.Disruptor","suspected"
"1678",2016,"CALIFORNIA","MEASURED IN LB / ACRE / YEAR","MALATHION","INSECTICIDE",1.03247248616356,"Neurotoxins","present"
"1680",2016,"CALIFORNIA","MEASURED IN LB / ACRE / YEAR","MALATHION","INSECTICIDE",1.03247248616356,"Bee.Toxins","high"
"1685",2016,"CALIFORNIA","MEASURED IN LB / ACRE / YEAR","METHOXYFENOZIDE","INSECTICIDE",-1.57503648571677,"Bee.Toxins","slight"
"1695",2016,"CALIFORNIA","MEASURED IN LB / ACRE / YEAR","THIAMETHOXAM","INSECTICIDE",-2.56394985712845,"Bee.Toxins","high"
"1701",2016,"CALIFORNIA","MEASURED IN NUMBER","BOSCALID","FUNGICIDE",0.53062825106217,"Carcinogen","possible"
"1715",2016,"CALIFORNIA","MEASURED IN NUMBER","FLUDIOXONIL","FUNGICIDE",0.470003629245736,"Bee.Toxins","slight"
"1717",2016,"CALIFORNIA","MEASURED IN NUMBER","MYCLOBUTANIL","FUNGICIDE",0.470003629245736,"Hormone.Disruptor","suspected"
"1719",2016,"CALIFORNIA","MEASURED IN NUMBER","MYCLOBUTANIL","FUNGICIDE",0.470003629245736,"Developmental.or.Reproductive.Toxins","present"
"1721",2016,"CALIFORNIA","MEASURED IN NUMBER","PROPICONAZOLE","FUNGICIDE",0.470003629245736,"Carcinogen","possible"
"1722",2016,"CALIFORNIA","MEASURED IN NUMBER","PROPICONAZOLE","FUNGICIDE",0.470003629245736,"Hormone.Disruptor","suspected"
"1724",2016,"CALIFORNIA","MEASURED IN NUMBER","PROPICONAZOLE","FUNGICIDE",0.470003629245736,"Developmental.or.Reproductive.Toxins","present"
"1725",2016,"CALIFORNIA","MEASURED IN NUMBER","PROPICONAZOLE","FUNGICIDE",0.470003629245736,"Bee.Toxins","slight"
"1726",2016,"CALIFORNIA","MEASURED IN NUMBER","PYRIMETHANIL","FUNGICIDE",0.53062825106217,"Carcinogen","possible"
"1727",2016,"CALIFORNIA","MEASURED IN NUMBER","PYRIMETHANIL","FUNGICIDE",0.53062825106217,"Hormone.Disruptor","suspected"
"1730",2016,"CALIFORNIA","MEASURED IN NUMBER","PYRIMETHANIL","FUNGICIDE",0.53062825106217,"Bee.Toxins","slight"
"1740",2016,"CALIFORNIA","MEASURED IN NUMBER","TRIFLUMIZOLE","FUNGICIDE",0.587786664902119,"Bee.Toxins","slight"
"1745",2016,"CALIFORNIA","MEASURED IN NUMBER","ACETAMIPRID","INSECTICIDE",0.405465108108164,"Bee.Toxins","moderate"
"1750",2016,"CALIFORNIA","MEASURED IN NUMBER","BIFENAZATE","INSECTICIDE",0.262364264467491,"Bee.Toxins","moderate"
"1751",2016,"CALIFORNIA","MEASURED IN NUMBER","BIFENTHRIN","INSECTICIDE",0.405465108108164,"Carcinogen","possible"
"1752",2016,"CALIFORNIA","MEASURED IN NUMBER","BIFENTHRIN","INSECTICIDE",0.405465108108164,"Hormone.Disruptor","suspected"
"1754",2016,"CALIFORNIA","MEASURED IN NUMBER","BIFENTHRIN","INSECTICIDE",0.405465108108164,"Developmental.or.Reproductive.Toxins","present"
"1755",2016,"CALIFORNIA","MEASURED IN NUMBER","BIFENTHRIN","INSECTICIDE",0.405465108108164,"Bee.Toxins","high"
"1761",2016,"CALIFORNIA","MEASURED IN NUMBER","HEXYTHIAZOX","INSECTICIDE",0.182321556793955,"Carcinogen","probable"
"1770",2016,"CALIFORNIA","MEASURED IN NUMBER","IMIDACLOPRID","INSECTICIDE",0.182321556793955,"Bee.Toxins","high"
"1771",2016,"CALIFORNIA","MEASURED IN NUMBER","MALATHION","INSECTICIDE",0.336472236621213,"Carcinogen","possible"
"1772",2016,"CALIFORNIA","MEASURED IN NUMBER","MALATHION","INSECTICIDE",0.336472236621213,"Hormone.Disruptor","suspected"
"1773",2016,"CALIFORNIA","MEASURED IN NUMBER","MALATHION","INSECTICIDE",0.336472236621213,"Neurotoxins","present"
"1775",2016,"CALIFORNIA","MEASURED IN NUMBER","MALATHION","INSECTICIDE",0.336472236621213,"Bee.Toxins","high"
"1780",2016,"CALIFORNIA","MEASURED IN NUMBER","METHOXYFENOZIDE","INSECTICIDE",0.182321556793955,"Bee.Toxins","slight"
"1790",2016,"CALIFORNIA","MEASURED IN NUMBER","THIAMETHOXAM","INSECTICIDE",0.182321556793955,"Bee.Toxins","high"
"1796",2016,"CALIFORNIA","MEASURED IN PCT OF AREA BEARING","BOSCALID","FUNGICIDE",3.89182029811063,"Carcinogen","possible"
"1801",2016,"CALIFORNIA","MEASURED IN PCT OF AREA BEARING","CAPTAN","FUNGICIDE",4.47733681447821,"Carcinogen","known"
"1820",2016,"CALIFORNIA","MEASURED IN PCT OF AREA BEARING","FLUDIOXONIL","FUNGICIDE",4.18965474202643,"Bee.Toxins","slight"
"1822",2016,"CALIFORNIA","MEASURED IN PCT OF AREA BEARING","MYCLOBUTANIL","FUNGICIDE",3.71357206670431,"Hormone.Disruptor","suspected"
"1824",2016,"CALIFORNIA","MEASURED IN PCT OF AREA BEARING","MYCLOBUTANIL","FUNGICIDE",3.71357206670431,"Developmental.or.Reproductive.Toxins","present"
"1826",2016,"CALIFORNIA","MEASURED IN PCT OF AREA BEARING","PROPICONAZOLE","FUNGICIDE",3.43398720448515,"Carcinogen","possible"
"1827",2016,"CALIFORNIA","MEASURED IN PCT OF AREA BEARING","PROPICONAZOLE","FUNGICIDE",3.43398720448515,"Hormone.Disruptor","suspected"
"1829",2016,"CALIFORNIA","MEASURED IN PCT OF AREA BEARING","PROPICONAZOLE","FUNGICIDE",3.43398720448515,"Developmental.or.Reproductive.Toxins","present"
"1830",2016,"CALIFORNIA","MEASURED IN PCT OF AREA BEARING","PROPICONAZOLE","FUNGICIDE",3.43398720448515,"Bee.Toxins","slight"
"1835",2016,"CALIFORNIA","MEASURED IN PCT OF AREA BEARING","PYRACLOSTROBIN","FUNGICIDE",4.17438726989564,"Bee.Toxins","slight"
"1836",2016,"CALIFORNIA","MEASURED IN PCT OF AREA BEARING","PYRIMETHANIL","FUNGICIDE",3.49650756146648,"Carcinogen","possible"
"1837",2016,"CALIFORNIA","MEASURED IN PCT OF AREA BEARING","PYRIMETHANIL","FUNGICIDE",3.49650756146648,"Hormone.Disruptor","suspected"
"1840",2016,"CALIFORNIA","MEASURED IN PCT OF AREA BEARING","PYRIMETHANIL","FUNGICIDE",3.49650756146648,"Bee.Toxins","slight"
"1850",2016,"CALIFORNIA","MEASURED IN PCT OF AREA BEARING","TRIFLUMIZOLE","FUNGICIDE",3.55534806148941,"Bee.Toxins","slight"
"1855",2016,"CALIFORNIA","MEASURED IN PCT OF AREA BEARING","ACETAMIPRID","INSECTICIDE",3.8286413964891,"Bee.Toxins","moderate"
"1860",2016,"CALIFORNIA","MEASURED IN PCT OF AREA BEARING","BIFENAZATE","INSECTICIDE",3.2188758248682,"Bee.Toxins","moderate"
"1861",2016,"CALIFORNIA","MEASURED IN PCT OF AREA BEARING","BIFENTHRIN","INSECTICIDE",3.76120011569356,"Carcinogen","possible"
"1862",2016,"CALIFORNIA","MEASURED IN PCT OF AREA BEARING","BIFENTHRIN","INSECTICIDE",3.76120011569356,"Hormone.Disruptor","suspected"
"1864",2016,"CALIFORNIA","MEASURED IN PCT OF AREA BEARING","BIFENTHRIN","INSECTICIDE",3.76120011569356,"Developmental.or.Reproductive.Toxins","present"
"1865",2016,"CALIFORNIA","MEASURED IN PCT OF AREA BEARING","BIFENTHRIN","INSECTICIDE",3.76120011569356,"Bee.Toxins","high"
"1871",2016,"CALIFORNIA","MEASURED IN PCT OF AREA BEARING","HEXYTHIAZOX","INSECTICIDE",2.56494935746154,"Carcinogen","probable"
"1880",2016,"CALIFORNIA","MEASURED IN PCT OF AREA BEARING","IMIDACLOPRID","INSECTICIDE",2.56494935746154,"Bee.Toxins","high"
"1881",2016,"CALIFORNIA","MEASURED IN PCT OF AREA BEARING","MALATHION","INSECTICIDE",2.99573227355399,"Carcinogen","possible"
"1882",2016,"CALIFORNIA","MEASURED IN PCT OF AREA BEARING","MALATHION","INSECTICIDE",2.99573227355399,"Hormone.Disruptor","suspected"
"1883",2016,"CALIFORNIA","MEASURED IN PCT OF AREA BEARING","MALATHION","INSECTICIDE",2.99573227355399,"Neurotoxins","present"
"1885",2016,"CALIFORNIA","MEASURED IN PCT OF AREA BEARING","MALATHION","INSECTICIDE",2.99573227355399,"Bee.Toxins","high"
"1890",2016,"CALIFORNIA","MEASURED IN PCT OF AREA BEARING","METHOXYFENOZIDE","INSECTICIDE",3.46573590279973,"Bee.Toxins","slight"
"1900",2016,"CALIFORNIA","MEASURED IN PCT OF AREA BEARING","THIAMETHOXAM","INSECTICIDE",3.17805383034795,"Bee.Toxins","high"
"1906",2016,"FLORIDA","MEASURED IN LB","CAPTAN","FUNGICIDE",11.9941162836065,"Carcinogen","known"
"1920",2016,"FLORIDA","MEASURED IN LB","FLUDIOXONIL","FUNGICIDE",8.41183267575841,"Bee.Toxins","slight"
"1925",2016,"FLORIDA","MEASURED IN LB","BIFENAZATE","INSECTICIDE",9.07107830464268,"Bee.Toxins","moderate"
"1926",2016,"FLORIDA","MEASURED IN LB","BIFENTHRIN","INSECTICIDE",6.68461172766793,"Carcinogen","possible"
"1927",2016,"FLORIDA","MEASURED IN LB","BIFENTHRIN","INSECTICIDE",6.68461172766793,"Hormone.Disruptor","suspected"
"1929",2016,"FLORIDA","MEASURED IN LB","BIFENTHRIN","INSECTICIDE",6.68461172766793,"Developmental.or.Reproductive.Toxins","present"
"1930",2016,"FLORIDA","MEASURED IN LB","BIFENTHRIN","INSECTICIDE",6.68461172766793,"Bee.Toxins","high"
"1936",2016,"FLORIDA","MEASURED IN LB / ACRE / APPLICATION","CAPTAN","FUNGICIDE",0.646579544743611,"Carcinogen","known"
"1950",2016,"FLORIDA","MEASURED IN LB / ACRE / APPLICATION","FLUDIOXONIL","FUNGICIDE",-1.4961092271271,"Bee.Toxins","slight"
"1955",2016,"FLORIDA","MEASURED IN LB / ACRE / APPLICATION","BIFENAZATE","INSECTICIDE",-0.776528789498996,"Bee.Toxins","moderate"
"1956",2016,"FLORIDA","MEASURED IN LB / ACRE / APPLICATION","BIFENTHRIN","INSECTICIDE",-2.14558134418438,"Carcinogen","possible"
"1957",2016,"FLORIDA","MEASURED IN LB / ACRE / APPLICATION","BIFENTHRIN","INSECTICIDE",-2.14558134418438,"Hormone.Disruptor","suspected"
"1959",2016,"FLORIDA","MEASURED IN LB / ACRE / APPLICATION","BIFENTHRIN","INSECTICIDE",-2.14558134418438,"Developmental.or.Reproductive.Toxins","present"
"1960",2016,"FLORIDA","MEASURED IN LB / ACRE / APPLICATION","BIFENTHRIN","INSECTICIDE",-2.14558134418438,"Bee.Toxins","high"
"1966",2016,"FLORIDA","MEASURED IN LB / ACRE / YEAR","CAPTAN","FUNGICIDE",2.7152905927577,"Carcinogen","known"
"1980",2016,"FLORIDA","MEASURED IN LB / ACRE / YEAR","FLUDIOXONIL","FUNGICIDE",-0.860383099935859,"Bee.Toxins","slight"
"1985",2016,"FLORIDA","MEASURED IN LB / ACRE / YEAR","BIFENAZATE","INSECTICIDE",-0.174353387144778,"Bee.Toxins","moderate"
"1986",2016,"FLORIDA","MEASURED IN LB / ACRE / YEAR","BIFENTHRIN","INSECTICIDE",-1.82015894374975,"Carcinogen","possible"
"1987",2016,"FLORIDA","MEASURED IN LB / ACRE / YEAR","BIFENTHRIN","INSECTICIDE",-1.82015894374975,"Hormone.Disruptor","suspected"
"1989",2016,"FLORIDA","MEASURED IN LB / ACRE / YEAR","BIFENTHRIN","INSECTICIDE",-1.82015894374975,"Developmental.or.Reproductive.Toxins","present"
"1990",2016,"FLORIDA","MEASURED IN LB / ACRE / YEAR","BIFENTHRIN","INSECTICIDE",-1.82015894374975,"Bee.Toxins","high"
"1996",2016,"FLORIDA","MEASURED IN NUMBER","CAPTAN","FUNGICIDE",2.06686275947298,"Carcinogen","known"
"2010",2016,"FLORIDA","MEASURED IN NUMBER","FLUDIOXONIL","FUNGICIDE",0.641853886172395,"Bee.Toxins","slight"
"2015",2016,"FLORIDA","MEASURED IN NUMBER","BIFENAZATE","INSECTICIDE",0.587786664902119,"Bee.Toxins","moderate"
"2016",2016,"FLORIDA","MEASURED IN NUMBER","BIFENTHRIN","INSECTICIDE",0.336472236621213,"Carcinogen","possible"
"2017",2016,"FLORIDA","MEASURED IN NUMBER","BIFENTHRIN","INSECTICIDE",0.336472236621213,"Hormone.Disruptor","suspected"
"2019",2016,"FLORIDA","MEASURED IN NUMBER","BIFENTHRIN","INSECTICIDE",0.336472236621213,"Developmental.or.Reproductive.Toxins","present"
"2020",2016,"FLORIDA","MEASURED IN NUMBER","BIFENTHRIN","INSECTICIDE",0.336472236621213,"Bee.Toxins","high"
"2026",2016,"FLORIDA","MEASURED IN PCT OF AREA BEARING","CAPTAN","FUNGICIDE",4.59511985013459,"Carcinogen","known"
"2040",2016,"FLORIDA","MEASURED IN PCT OF AREA BEARING","FLUDIOXONIL","FUNGICIDE",4.57471097850338,"Bee.Toxins","slight"
"2045",2016,"FLORIDA","MEASURED IN PCT OF AREA BEARING","BIFENAZATE","INSECTICIDE",4.56434819146784,"Bee.Toxins","moderate"
"2046",2016,"FLORIDA","MEASURED IN PCT OF AREA BEARING","BIFENTHRIN","INSECTICIDE",3.78418963391826,"Carcinogen","possible"
"2047",2016,"FLORIDA","MEASURED IN PCT OF AREA BEARING","BIFENTHRIN","INSECTICIDE",3.78418963391826,"Hormone.Disruptor","suspected"
"2049",2016,"FLORIDA","MEASURED IN PCT OF AREA BEARING","BIFENTHRIN","INSECTICIDE",3.78418963391826,"Developmental.or.Reproductive.Toxins","present"
"2050",2016,"FLORIDA","MEASURED IN PCT OF AREA BEARING","BIFENTHRIN","INSECTICIDE",3.78418963391826,"Bee.Toxins","high"
"2051",2016,"WASHINGTON","MEASURED IN LB","BOSCALID","FUNGICIDE",4.60517018598809,"Carcinogen","possible"
"2060",2016,"WASHINGTON","MEASURED IN LB","PYRACLOSTROBIN","FUNGICIDE",5.29831736654804,"Bee.Toxins","slight"
"2061",2016,"WASHINGTON","MEASURED IN LB / ACRE / APPLICATION","BOSCALID","FUNGICIDE",-1.28735441326499,"Carcinogen","possible"
"2070",2016,"WASHINGTON","MEASURED IN LB / ACRE / APPLICATION","PYRACLOSTROBIN","FUNGICIDE",-1.86433016206289,"Bee.Toxins","slight"
"2071",2016,"WASHINGTON","MEASURED IN LB / ACRE / YEAR","BOSCALID","FUNGICIDE",-1.14885350510486,"Carcinogen","possible"
"2080",2016,"WASHINGTON","MEASURED IN LB / ACRE / YEAR","PYRACLOSTROBIN","FUNGICIDE",-1.30933331998376,"Bee.Toxins","slight"
"2081",2016,"WASHINGTON","MEASURED IN NUMBER","BOSCALID","FUNGICIDE",0.0953101798043249,"Carcinogen","possible"
"2090",2016,"WASHINGTON","MEASURED IN NUMBER","PYRACLOSTROBIN","FUNGICIDE",0.53062825106217,"Bee.Toxins","slight"
"2091",2016,"WASHINGTON","MEASURED IN PCT OF AREA BEARING","BOSCALID","FUNGICIDE",3.97029191355212,"Carcinogen","possible"
"2100",2016,"WASHINGTON","MEASURED IN PCT OF AREA BEARING","PYRACLOSTROBIN","FUNGICIDE",4.20469261939097,"Bee.Toxins","slight"
